location,continent,total_cases,total_cases_per_million,people_vaccinated,total_vaccinations_per_hundred,people_fully_vaccinated_per_hundred,stringency_index,population,population_density,median_age,aged_65_older,aged_70_older,gdp_per_capita,extreme_poverty,cardiovasc_death_rate,diabetes_prevalence,female_smokers,male_smokers,handwashing_facilities,hospital_beds_per_thousand,life_expectancy,HDI,distance
Afghanistan,Asia,55917,1436.409,,,,84.26,38928341,54.422,18.6,2.581,1.337,1803.987,,597.029,9.59,,,37.746,0.5,64.83,0.511,11932580.45
Africa,,4006913,2988.899,,,,,1340598113,,,,,,,,,,,,,,,NULL
Albania,Europe,115442,40114.671,6073,0.75,0.02,89.81,2877800,104.871,38,13.188,8.643,11803.431,1.1,304.195,10.08,7.1,51.2,,2.89,78.57,0.795,9146807.16
Algeria,Africa,114851,2619.117,,0.17,,92.13,43851043,17.348,29.1,6.211,3.857,13913.839,0.5,278.364,6.73,0.7,30.4,83.741,1.9,76.88,0.748,8769592.944
Andorra,Europe,11130,144049.699,3650,6.36,1.64,59.26,77265,163.755,,,,,,109.135,7.97,29,37.8,,,83.73,0.868,7844922.997
Angola,Africa,21205,645.19,6169,0.02,,90.74,32866268,23.89,16.8,2.405,1.362,5819.495,,276.045,3.94,,,26.664,,61.15,0.581,12841319.15
Anguilla,"North America",,,3929,26.19,,,15002,,,,,,,,,,,,,81.88,,3808635.48
"Antigua and Barbuda","North America",882,9006.617,,,,,97928,231.845,32.1,6.933,4.631,21490.943,,191.511,13.17,,,,3.8,77.02,0.778,3994944.926
Argentina,"South America",2177898,48188.086,1564555,4.25,0.78,100,45195777,16.177,31.9,11.198,7.441,18933.907,0.6,191.032,5.5,16.2,27.7,,5,76.67,0.845,9017651.792
Armenia,Asia,176286,59491.083,,,,,2963234,102.931,35.7,11.232,7.571,8787.58,1.8,341.01,7.11,1.5,52.1,94.043,4.2,75.09,0.776,10546718.11
Asia,,25909592,5584.147,,,,,4639847425,,,,,,,,,,,,,,,NULL
Australia,Oceania,29102,1141.26,125000,0.49,,81.94,25499881,3.202,37.9,15.504,10.129,44648.71,0.5,107.791,5.07,13,16.5,,3.84,83.44,0.944,15184481.06
Austria,Europe,484916,53841.268,667570,10.32,2.91,82.41,9006400,106.749,44.4,19.202,13.748,45436.686,0.7,145.183,6.35,28.4,30.9,,7.37,81.54,0.922,8343950.367
Azerbaijan,Asia,238383,23511.084,436849,4.31,,96.3,10139175,119.309,32.4,6.018,3.871,15847.419,,559.812,7.11,0.3,42.5,83.241,4.7,73,0.756,10645993.03
Bahamas,"North America",8642,21975.954,,,,96.3,393248,39.497,34.3,8.996,5.2,27717.847,,235.954,13.17,3.1,20.4,,2.9,73.92,0.814,2193301.182
Bahrain,Asia,129081,75859.362,312104,30.58,12.24,78.7,1701583,1935.907,32.4,2.372,1.387,43290.705,,151.689,16.52,5.8,37.6,,2,77.29,0.852,12173566.74
Bangladesh,Asia,554156,3364.856,4013963,2.44,,93.52,164689383,1265.036,27.5,5.098,3.262,3523.984,14.8,298.003,8.38,1,44.7,34.808,0.8,72.59,0.632,13227347.4
Barbados,"North America",3372,11733.961,49757,17.31,,88.89,287371,664.463,39.8,14.952,9.473,16978.068,,170.05,13.57,1.9,14.5,88.469,5.8,79.19,0.814,4462094.935
Belarus,Europe,298960,31638.252,20944,0.22,,27.78,9449321,46.858,40.3,14.799,9.788,17167.967,,443.129,5.18,10.5,46.1,,11,74.79,0.823,8565846.652
Belgium,Europe,798108,68864.059,687558,9.02,3.08,81.48,11589616,375.564,41.8,18.571,12.849,42658.576,0.2,114.898,4.29,25.1,31.4,,5.64,81.63,0.931,7553906.574
Belize,"North America",12359,31082.362,4933,1.24,,85.19,397621,16.426,25,3.853,2.279,7824.362,,176.957,17.11,,,90.083,1.3,74.62,0.716,2323118.058
Benin,Africa,6501,536.245,,,,70.83,12123198,99.11,18.8,3.244,1.942,2064.236,49.6,235.848,0.99,0.6,12.3,11.035,0.5,61.77,0.545,10086594.87
Bermuda,"North America",,,15294,38.44,13.88,61.11,62273,1308.82,,,,50669.315,,139.547,13,,,,,82.59,,2865853.003
Bhutan,Asia,868,1124.918,,,,97.22,771612,21.188,28.6,4.885,2.977,8708.597,1.5,217.066,9.75,,,79.807,1.7,71.78,0.654,12802760.15
Bolivia,"South America",257240,22037.125,122348,1.13,0.09,96.3,11673029,10.202,25.4,6.704,4.393,6885.829,7.1,204.299,6.89,,,25.383,1.1,71.51,0.718,6823104.194
"Bosnia and Herzegovina",Europe,140990,42974.078,,,,92.59,3280815,68.496,42.5,16.569,10.711,11713.895,0.2,329.635,10.08,30.2,47.7,97.164,3.5,77.4,0.78,8788644.62
Botswana,Africa,34098,14499.761,,,,86.11,2351625,4.044,25.8,3.941,2.242,15807.374,,237.372,4.81,5.7,34.4,,1.8,69.59,0.735,14127057.13
Brazil,"South America",11277717,53056.776,8092244,5.05,1.25,81.02,212559409,25.04,33.5,8.552,5.06,14103.452,3.4,177.961,8.11,10.1,17.9,,2.2,75.88,0.765,7316934.935
Brunei,Asia,192,438.874,,,,58.33,437483,81.347,32.4,4.591,2.382,71809.251,,201.285,12.79,2,30.9,,2.7,75.86,0.838,14414704.91
Bulgaria,Europe,272700,39246.191,270587,4.67,0.78,73.15,6948445,65.18,44.7,20.801,13.272,18563.307,1.5,424.688,5.81,30.1,44.4,,7.454,75.05,0.816,9332654.481
"Burkina Faso",Africa,12275,587.228,,,,89.81,20903278,70.151,17.6,2.409,1.358,1703.102,43.7,269.048,2.42,1.6,23.9,11.877,0.4,61.58,0.452,9552235.902
Burundi,Africa,2396,201.501,,,,27.31,11890781,423.062,17.5,2.562,1.504,702.225,71.7,293.068,6.05,,,6.144,0.8,61.58,0.433,13338906.18
Cambodia,Asia,1225,73.27,129908,0.78,,68.52,16718971,90.672,25.6,4.412,2.385,3645.07,,270.892,4,2,33.7,66.229,0.8,69.82,0.594,14084199.45
Cameroon,Africa,40622,1530.257,,,,71.3,26545864,50.885,18.8,3.165,1.919,3364.926,23.8,244.661,7.2,,,2.735,1.3,59.29,0.563,11082929.45
Canada,"North America",905339,23987.474,2131715,7.2,1.56,75.46,37742157,4.037,41.4,16.984,10.797,44017.591,0.5,105.599,7.37,12,16.6,,2.5,82.43,0.929,2261623.454
"Cape Verde",Africa,15932,28655.295,,,,87.96,555988,135.58,25.7,4.46,3.437,6222.554,,182.219,2.42,2.1,16.5,,2.1,72.98,0.665,7336934.746
"Cayman Islands","North America",,,17702,40.44,13.51,,65720,256.496,,,,49903.029,,,13.22,,,,,83.92,,2446080.535
"Central African Republic",Africa,5023,1040.009,,,,75.93,4829764,7.479,18.3,3.655,2.251,661.24,,435.727,6.1,,,16.603,1,53.28,0.397,11855530.77
Chad,Africa,4246,258.495,,,,88.89,16425859,11.833,16.7,2.486,1.446,1768.153,38.4,280.995,6.1,,,5.818,,54.24,0.398,11014950.73
Chile,"South America",873512,45694.834,4618528,32.09,7.93,87.5,19116209,24.282,35.4,11.087,6.938,22767.037,1.3,127.993,8.46,34.2,41.5,,2.11,80.18,0.851,8466824.253
China,Asia,101225,70.328,,3.65,,81.94,1439323774,147.674,38.7,10.641,5.929,15308.712,0.7,261.899,9.74,1.9,48.4,,4.34,76.91,0.761,11647281.98
Colombia,"South America",2290539,45015.904,270411,0.94,,90.74,50882884,44.223,32.2,7.646,4.312,13254.949,4.5,124.24,7.44,4.7,13.5,65.386,1.71,77.29,0.767,4222325.81
Comoros,Africa,3615,4157.108,,,,,869595,437.352,20.4,2.963,1.726,1413.89,18.1,261.516,11.88,4.4,23.6,15.574,2.2,64.32,0.554,15114221.48
Congo,Africa,9329,1690.621,,,,97.22,5518092,15.405,19,3.402,2.063,4881.406,37,344.094,7.2,1.7,52.3,47.964,,64.57,0.574,11917220.47
"Costa Rica","North America",207832,40798.459,151841,4.02,1.04,81.48,5094114,96.079,33.6,9.468,5.694,15524.995,1.3,137.973,8.78,6.4,17.4,83.841,1.13,80.28,0.81,3269037.099
"Cote d'Ivoire",Africa,36511,1384.131,8802,0.03,,80.56,26378275,76.399,18.7,2.933,1.582,3601.006,28.2,303.74,2.42,,,19.351,,57.78,0.538,9517479.956
Croatia,Europe,248838,60614.313,202167,6.46,1.54,96.3,4105268,73.726,44,19.724,13.053,22669.797,0.7,253.782,5.59,34.3,39.9,,5.54,78.49,0.851,8553882.598
Cuba,"North America",59157,5222.831,,,,100,11326616,110.408,43.1,14.738,9.719,,,190.968,8.27,17.1,53.3,85.198,5.2,78.8,0.783,2444942.586
Cyprus,Europe,38496,43950.273,53617,11.42,2.58,94.44,875899,127.657,37.3,13.416,8.563,32415.132,,141.171,9.24,19.6,52.7,,3.4,80.98,0.887,10420962.53
Czechia,Europe,1365724,127530.703,711725,9.33,2.69,82.41,10708982,137.176,43.3,19.027,11.58,32605.906,,227.485,6.82,30.5,38.3,,6.63,79.38,0.9,8234396.421
"Democratic Republic of Congo",Africa,26759,298.778,,,,80.56,89561404,35.879,17,3.02,1.745,808.133,77.1,318.949,6.1,,,4.472,,60.68,0.48,12695763.83
Denmark,Europe,219351,37870.047,572040,13.75,3.88,72.22,5792203,136.52,42.3,19.677,12.325,46682.515,0.2,114.767,6.41,19.3,18.8,,2.5,80.9,0.94,7487921.428
Djibouti,Africa,6234,6309.704,,,,94.44,988002,41.285,25.4,4.213,2.38,2705.406,22.5,258.037,6.05,1.7,24.5,,1.4,67.11,0.524,13048467.18
Dominica,"North America",151,2097.484,7202,10,,79.63,71991,98.567,,,,9673.367,,227.376,11.62,,,,3.8,75,0.742,4149960.429
"Dominican Republic","North America",244923,22577.91,606006,5.59,,100,10847904,222.873,27.6,6.981,4.419,14600.861,1.6,266.653,8.2,8.5,19.1,55.182,1.6,74.08,0.756,3216312.059
Ecuador,"South America",297957,16888.057,69030,0.43,0.04,93.52,17643060,66.939,28.1,7.104,4.458,10581.936,3.6,140.448,5.55,2,12.3,80.635,1.5,77.01,0.759,4690735.607
Egypt,Africa,189000,1846.886,,0,,84.26,102334403,97.999,25.3,5.159,2.891,10550.206,1.3,525.432,17.31,0.2,50.1,89.827,1.6,71.99,0.707,10976408.8
"El Salvador","North America",61814,9530.078,16000,0.25,,100,6486201,307.811,27.6,8.273,5.417,7292.458,2.2,167.295,8.87,2.5,18.8,90.65,1.3,73.32,0.673,2677224.798
"Equatorial Guinea",Africa,6456,4601.617,,,,,1402985,45.194,22.4,2.846,1.752,22604.873,,202.812,7.78,,,24.64,2.1,58.74,0.592,11304386.26
Eritrea,Africa,3009,848.46,,,,93.52,3546427,44.304,19.3,3.607,2.171,1510.459,,311.11,6.05,0.2,11.4,,0.7,66.32,0.459,12567898.13
Estonia,Europe,80929,61007.63,113898,12.19,3.6,77.78,1326539,31.033,42.7,19.452,13.491,29481.252,0.5,255.569,4.02,24.5,39.3,,4.69,78.74,0.892,8050654.829
Eswatini,Africa,17215,14838.419,,,,89.81,1160164,79.492,21.5,3.163,1.845,7738.975,,333.436,3.94,1.7,16.5,24.097,2.1,60.19,0.611,14943000
Ethiopia,Africa,171210,1489.254,,,,80.56,114963583,104.957,19.8,3.526,2.063,1729.927,26.7,182.634,7.47,0.4,8.5,7.96,0.3,66.6,0.485,13143577.91
Europe,,35945097,48011.291,,,,,748680069,,,,,,,,,,,,,,,NULL
"European Union",,23704972,53279.291,32408063,10.48,3.19,,444919060,,,,,,,,,,,,,,,NULL
"Faeroe Islands",Europe,,,4260,16.51,7.79,59.26,48865,35.308,,,,,,,,,,,,80.67,,6374716.695
"Falkland Islands","South America",,,1732,49.73,,,3483,,,,,,,,,,,,,81.44,,10490537.25
Fiji,Oceania,66,73.624,,,,88.89,896444,49.562,28.6,6.224,3.284,8702.975,1.4,412.82,14.49,10.2,34.8,,2.3,67.44,0.743,10669728.08
Finland,Europe,64609,11660.763,539618,11.28,1.54,67.59,5540718,18.136,42.8,21.228,13.264,40585.721,,153.507,5.76,18.3,22.6,,3.28,81.91,0.938,7823311.99
France,Europe,4050558,62055.156,4337343,9.47,3.08,87.96,65273512,122.578,42,19.718,13.079,38605.671,,86.06,4.77,30.1,35.6,,5.98,82.66,0.901,7665595.799
Gabon,Africa,16313,7329.287,,,,81.48,2225728,7.859,23.1,4.45,2.976,16562.413,3.4,259.967,7.2,,,,6.3,66.47,0.703,11590698.56
Gambia,Africa,4792,1982.899,,,,78.7,2416664,207.566,17.5,2.339,1.417,1561.767,10.1,331.43,1.91,0.7,31.2,7.876,1.1,62.05,0.496,8268747.359
Georgia,Asia,274045,68697.162,,,,100,3989175,65.032,38.7,14.864,10.244,9745.079,4.2,496.218,7.11,5.3,55.5,,2.6,73.77,0.812,10260173.56
Germany,Europe,2546526,30393.962,5978551,10.4,3.27,85.19,83783945,237.016,46.6,21.453,15.957,45229.245,,156.139,8.31,28.2,33.1,,8,81.33,0.947,7861478.176
Ghana,Africa,86737,2791.399,300000,0.97,,86.11,31072945,126.719,21.1,3.385,1.948,4227.63,12,298.245,4.97,0.3,7.7,41.047,0.9,64.07,0.611,9887879.876
Gibraltar,Europe,,,28932,133.25,47.38,,33691,3457.1,,,,,,,,,,,,79.93,,7719148.876
Greece,Europe,214661,20594.824,831761,11.73,3.75,88.89,10423056,83.479,45.3,20.396,14.524,24574.382,1.5,175.695,4.55,35.3,52,,4.21,82.24,0.888,9408884.435
Greenland,"North America",,,3927,9.04,2.12,42.59,56772,0.137,,,,,,199.941,2.16,,,,,71.7,,4859892.198
Grenada,"North America",148,1315.333,3000,2.67,,,112519,317.132,29.4,7.304,5.021,13593.877,,243.964,10.71,,,,3.7,72.4,0.779,4373544.988
Guatemala,"North America",181143,10110.928,2427,0.01,,96.3,17915567,157.834,22.9,4.694,3.016,7423.808,8.7,155.898,10.18,,,76.665,0.6,74.3,0.663,2430009.451
Guernsey,Europe,,,13950,32.87,7.96,,67052,,,,,,,,,,,,,,,7175263.908
Guinea,Africa,17372,1322.796,,,,78.7,13132792,51.755,19,3.135,1.733,1998.926,35.3,336.717,2.42,,,17.45,0.3,61.6,0.477,8991899.309
Guinea-Bissau,Africa,3380,1717.481,,,,,1967998,66.191,19.4,3.002,1.565,1548.675,67.1,382.474,2.42,,,6.403,,58.32,0.48,8385913.906
Guyana,"South America",8993,11433.344,1852,0.24,,87.04,786559,3.952,26.3,5.305,2.837,7435.047,,373.159,11.62,,,77.159,1.6,69.91,0.682,5176527.176
Haiti,"North America",12594,1104.491,,,,93.52,11402533,398.448,24.3,4.8,2.954,1653.173,23.5,430.548,6.65,2.9,23.1,22.863,0.7,64,0.51,3041081.639
Honduras,"North America",176427,17812.618,2684,0.03,,100,9904608,82.805,24.9,4.652,2.883,4541.795,16,240.208,7.21,2,,84.169,0.7,75.27,0.634,2607527.54
"Hong Kong",Asia,,,145800,1.94,,71.3,7496988,7039.714,44.8,16.303,10.158,56054.92,,,8.33,,,,,84.86,0.949,12699526.44
Hungary,Europe,489172,50637.089,1229827,16.37,3.64,76.85,9660350,108.043,43.4,18.577,11.976,26777.561,0.5,278.296,7.55,26.8,34.8,,7.02,76.88,0.854,8652064.765
Iceland,Europe,6070,17787.546,33289,13.5,3.74,53.7,341250,3.404,37.3,14.431,9.207,46482.958,0.2,117.992,5.31,14.3,15.2,,2.91,82.99,0.949,5713534.307
India,Asia,11308846,8194.79,21435841,1.9,0.34,100,1380004385,450.419,28.2,5.989,3.414,6426.674,21.2,282.28,10.39,1.9,20.6,59.55,0.53,69.66,0.645,13576677.18
Indonesia,Asia,1403722,5131.996,3696059,1.82,0.47,80.09,273523621,145.725,29.3,5.319,3.053,11188.744,5.7,342.864,6.32,2.8,76.1,64.204,1.04,71.72,0.718,14961838.9
International,,721,,,,,,,,,,,,,,,,,,,,,NULL
Iran,Asia,1723470,20519.221,10000,0.01,,80.09,83992953,49.831,32.4,5.44,3.182,19082.62,0.2,270.308,9.59,0.8,21.1,,1.5,76.68,0.783,11657902.49
Iraq,Asia,745642,18537.931,,,,96.3,40222503,88.125,20,3.186,1.957,15663.986,2.5,218.612,8.83,,,94.576,1.4,70.6,0.674,11135866.45
Ireland,Europe,225179,45603.14,382528,10.87,3.12,90.74,4937796,69.874,38.7,13.928,8.678,67335.293,0.2,126.459,3.28,23,25.7,,2.96,82.3,0.955,6633133.57
"Isle of Man",Europe,,,19138,33.44,10.93,,85032,147.872,,,,,,,,,,,,81.4,,6818789.129
Israel,Asia,814250,94072.687,5110698,106.05,47,94.44,8655541,402.606,30.6,11.733,7.359,33132.32,0.5,93.32,6.74,15.4,35.4,,2.99,82.97,0.919,10860045.94
Italy,Europe,3149017,52082.729,4357997,10.29,3.08,93.52,60461828,205.859,47.9,23.021,16.24,35220.084,2,113.151,4.78,19.8,27.8,,3.18,83.51,0.892,8619068.151
Jamaica,"North America",28968,9782.649,,,,87.04,2961161,266.879,31.4,9.684,6.39,8193.571,,206.537,11.28,5.3,28.6,66.425,1.7,74.47,0.734,2772361.985
Japan,Asia,443714,3508.273,180741,0.14,0,50.93,126476458,347.778,48.2,27.049,18.493,39002.223,,79.37,5.72,11.2,33.7,,13.05,84.63,0.919,10150447.67
Jersey,Europe,,,36049,39.01,3.34,,101073,,,,,,,,,,,,,,,7217468.954
Jordan,Asia,457151,44804.933,50000,1.47,0.29,100,10203140,109.285,23.2,3.81,2.361,8337.49,0.1,208.257,11.75,,,,1.4,74.53,0.729,10981054.44
Kazakhstan,Asia,271363,14452.108,20157,0.12,0.01,92.13,18776707,6.681,30.6,6.991,4.625,24055.588,0.1,466.792,7.11,7,43.1,98.999,6.7,73.6,0.825,10395995.71
Kenya,Africa,111185,2067.739,4000,0.01,,88.89,53771300,87.324,20,2.686,1.528,2993.028,36.8,218.637,2.92,1.2,20.4,24.651,1.4,66.7,0.601,13721918.4
Kosovo,Europe,74708,38653.252,,,,92.59,1932774,168.155,,,,9795.834,0.6,,,,,,,,,9079345.525
Kuwait,Asia,205893,48212.144,322000,8.43,0.89,100,4270563,232.128,33.7,2.345,1.114,65530.537,,132.235,15.84,2.7,37,,2,75.49,0.806,11694329.97
Kyrgyzstan,Asia,86755,13297.434,,,,92.13,6524191,32.333,26.3,4.489,2.882,3393.474,1.4,436.362,7.11,3.6,50.5,89.22,4.5,71.45,0.697,11255389.59
Laos,Asia,48,6.597,,,,96.3,7275556,29.715,24.4,4.029,2.322,6397.36,22.7,368.111,4,7.3,51.2,49.839,1.5,67.92,0.613,13401340.92
Latvia,Europe,92274,48920.529,72981,4.83,0.96,69.44,1886202,31.212,43.9,19.754,14.136,25063.846,0.7,350.06,4.91,25.6,51,,5.57,75.29,0.866,8165760.244
Lebanon,Asia,408909,59909.527,76883,1.35,0.22,92.59,6825442,594.561,31.1,8.514,5.43,13367.565,,266.591,12.71,26.9,40.7,,2.9,78.93,0.744,10668985.03
Lesotho,Africa,10528,4914.455,,,,85.19,2142252,73.562,22.2,4.506,2.647,2851.153,59.6,405.126,3.94,0.4,53.9,2.117,,54.33,0.527,14817273.6
Liberia,Africa,2026,400.579,,,,87.96,5057677,49.127,19.2,3.057,1.756,752.788,38.6,272.509,2.42,1.5,18.1,1.188,0.8,64.1,0.48,9248242.086
Libya,Africa,142671,20763.359,,,,100,6871287,3.623,29,4.424,2.816,17881.509,,341.862,10.43,,,,3.7,72.91,0.724,10078413.56
Liechtenstein,Europe,2596,68070.378,,8.2,,,38137,237.012,,,,,,,7.77,,,,2.397,82.49,0.919,8070144.428
Lithuania,Europe,203992,74933.944,241746,12.24,3.36,87.04,2722291,45.135,43.5,19.002,13.778,29524.265,0.7,342.989,3.67,21.3,38,,6.56,75.93,0.882,8265579.422
Luxembourg,Europe,57321,91570.603,36693,8.22,2.36,80.56,625976,231.447,39.7,14.312,9.842,94277.965,0.2,128.275,4.42,20.9,26,,4.51,82.25,0.916,7694757.389
Macao,Asia,,,,0.31,,23.15,649342,20546.766,39.2,9.798,4.991,104861.851,,,,,,,,84.24,,12744458
Madagascar,Africa,20155,727.853,,,,95.37,27691019,43.951,19.6,2.929,1.686,1416.44,77.6,405.994,3.94,,,50.54,0.2,67.04,0.528,15850790.62
Malawi,Africa,32673,1707.95,,,,64.81,19129955,197.519,18.1,2.979,1.783,1095.042,71.4,227.349,3.94,4.4,24.7,8.704,1.3,64.26,0.483,14411492.38
Malaysia,Asia,319364,9867.269,223923,0.69,,80.09,32365998,96.254,29.9,6.293,3.407,26808.164,0.1,260.942,16.74,1,42.4,,1.9,76.16,0.81,15070494.47
Maldives,Asia,21268,39345.694,,34.58,,,540542,1454.433,30.6,4.12,2.875,15183.616,,164.905,9.19,2.1,55,95.803,,78.92,0.74,15390723.7
Mali,Africa,8782,433.661,,,,72.22,20250834,15.196,16.4,2.519,1.486,2014.306,,268.024,2.42,1.6,23,52.232,0.1,59.31,0.434,8988467.231
Malta,Europe,25640,58069.616,72725,24.68,8.21,87.04,441539,1454.037,42.4,19.426,11.324,36513.323,0.2,168.711,8.83,20.9,30.2,,4.485,82.53,0.895,9163380.841
"Marshall Islands",Oceania,4,67.574,,,,,59194,295.15,,,,3819.202,,557.793,30.53,,,82.502,2.7,73.7,0.704,9803506.905
Mauritania,Africa,17394,3740.919,,,,77.78,4649660,4.289,20.3,3.138,1.792,3597.633,6,232.347,2.42,,,15.95,,64.92,0.546,8172575.897
Mauritius,Africa,664,522.108,3843,0.3,,82.41,1271767,622.962,37.4,10.945,5.884,20292.745,0.5,224.644,22.02,3.2,40.7,,3.4,74.99,0.804,16830576.67
Mexico,"North America",2150955,16682.766,2882000,2.95,0.47,82.41,128932753,66.444,29.3,6.857,4.321,17336.469,2.5,152.783,13.06,6.9,21.4,87.847,1.38,75.05,0.779,1632411.333
Micronesia,Oceania,1,8.694,,,,,115021,150.777,23,4.81,2.392,3299.464,16,454.343,12.02,,,,,67.88,0.62,11554661.57
Moldova,Europe,200124,49609.776,8116,0.2,,87.04,4033963,123.655,37.6,10.864,6.955,5189.972,0.2,408.502,5.72,5.9,44.6,86.979,5.8,71.9,0.75,9103055.903
Monaco,Europe,2075,52874.325,,6.12,,87.96,39244,19347.5,,,,,,,5.46,,,,13.8,86.75,,8158434.137
Mongolia,Asia,3664,1117.655,,0.15,,90.74,3278292,1.98,28.6,4.031,2.421,11840.846,0.5,460.043,4.82,5.5,46.5,71.18,7,69.87,0.737,10478635.12
Montenegro,Europe,82029,130606.532,3062,0.49,,,628062,46.28,39.1,14.762,9.395,16409.288,1,387.305,10.08,44,47.9,,3.861,76.88,0.829,8980436.402
Montserrat,"North America",,,652,13.04,,,4999,,,,,,,,,,,,,74.16,,3986712.653
Morocco,Africa,487750,13214.376,4130606,13.82,2.63,93.52,36910558,80.08,29.6,6.769,4.209,7485.013,1,419.146,7.14,0.8,47.1,,1.1,76.68,0.686,7837652.074
Mozambique,Africa,63645,2036.286,,,,80.56,31255435,37.728,17.7,3.158,1.87,1136.103,62.9,329.942,3.3,5.1,29.1,12.227,0.7,60.85,0.456,14869788.54
Myanmar,Asia,142114,2611.919,103142,0.19,,86.11,54409794,81.721,29.1,5.732,3.12,5591.597,6.4,202.104,4.61,6.3,35.2,79.287,0.9,67.13,0.583,13341043.25
Namibia,Africa,40631,15990.69,,,,73.15,2540916,3.078,22,3.552,2.085,9541.808,13.4,243.811,3.94,9.7,34.2,44.6,,63.71,0.646,13614283.34
Nepal,Asia,275070,9440.636,,1.38,,96.3,29136808,204.43,25,5.809,3.212,2442.804,15,260.797,7.26,9.5,37.8,47.782,0.3,70.78,0.602,12733462.13
Netherlands,Europe,1154257,67363.032,1207904,9.45,2.4,82.41,17134873,508.544,43.2,18.779,11.881,48472.545,,109.361,5.29,24.4,27.3,,3.32,82.28,0.944,7506098.102
"New Zealand",Oceania,2417,501.22,18000,0.37,,96.3,4822233,18.206,37.9,15.322,9.72,36085.843,,128.797,8.08,14.8,17.2,,2.61,82.29,0.931,12550022.43
Nicaragua,"North America",6537,986.783,,,,24.07,6624554,51.667,27.3,5.445,3.519,5321.444,3.2,137.016,11.47,,,,0.9,74.48,0.66,2889442.094
Niger,Africa,4853,200.482,,,,61.11,24206636,16.955,15.1,2.553,1.378,926,44.5,238.339,2.42,0.1,15.4,8.978,0.3,62.42,0.394,10000294.44
Nigeria,Africa,159933,775.848,,,,85.65,206139587,209.588,18.1,2.751,1.447,5338.454,,181.013,2.42,0.6,10.8,41.949,,54.69,0.539,10649162.65
"North America",,33707587,56931.548,,,,,592072204,,,,,,,,,,,,,,,NULL
"North Macedonia",Europe,110209,52899.135,,,,,2083380,82.6,39.1,13.26,8.16,13111.214,5,322.688,10.08,,,,4.28,75.8,0.774,9206206.422
"Northern Cyprus",,,,,2.88,,,,,,,,,,,,,,,,,,NULL
Norway,Europe,78041,14395.41,428995,12.17,4.26,79.63,5421242,14.462,39.7,16.821,10.813,64800.057,0.2,114.316,5.31,19.6,20.7,,3.6,82.4,0.957,7186814.578
Oceania,,33433,783.381,,,,,42677809,,,,,,,,,,,,,,,NULL
Oman,Asia,145257,28444.831,79149,1.92,0.37,100,5106622,14.98,30.7,2.355,1.53,37960.709,,266.342,12.61,0.5,15.6,97.4,1.6,77.86,0.813,12852654.52
Pakistan,Asia,600198,2717.152,72882,0.03,,96.3,220892331,255.573,23.5,4.495,2.78,5034.708,4,423.031,8.35,2.8,36.7,59.607,0.6,67.27,0.557,12353579.48
Palestine,Asia,203669,39924.013,,,,96.3,5101416,778.202,20.4,3.043,1.726,4449.898,1,265.91,10.59,,,,,74.05,0.708,10802202.94
Panama,"North America",346775,80369.327,,5.21,,93.52,4314768,55.133,29.7,7.918,5.03,22267.037,2.2,128.346,8.33,2.4,9.9,,2.3,78.51,0.815,3513502.171
"Papua New Guinea",Oceania,1819,203.308,,,,83.8,8947027,18.22,22.6,3.808,2.142,3823.194,,561.494,17.65,23.5,48.8,,,64.5,0.555,13101167.29
Paraguay,"South America",175827,24651.421,4356,0.06,,94.44,7132530,17.144,26.5,6.378,3.833,8827.01,1.7,199.128,8.27,5,21.6,79.602,1.3,74.25,0.728,7780536.045
Peru,"South America",1387457,42080.052,355825,1.34,0.26,96.3,32971846,25.129,29.1,7.151,4.455,12236.706,3.5,85.755,5.95,4.8,,,1.6,76.74,0.777,5580340.687
Philippines,Asia,607048,5539.715,114500,0.1,,100,109581085,351.873,25.2,4.803,2.661,7599.188,,370.437,7.07,7.8,40.8,78.463,1,71.23,0.718,13216165.09
Poland,Europe,1849424,48866.312,2835856,11.6,4.11,83.33,37846605,124.027,41.8,16.763,10.202,27216.445,,227.331,5.91,23.3,33.1,,6.62,78.73,0.88,8279744.141
Portugal,Europe,812575,79689.943,772343,10.58,3.01,87.96,10196707,112.371,46.2,21.502,14.924,27936.896,0.5,127.842,9.85,16.3,30,,3.39,82.05,0.864,7317499.558
Qatar,Asia,168829,58599.613,100000,11.35,,86.11,2881060,227.322,31.9,1.307,0.617,116935.6,,176.69,16.52,0.8,26.9,,1.2,80.23,0.848,12255717.8
Romania,Europe,845352,43942.508,1296161,10.24,3.5,87.04,19237682,85.129,43,17.85,11.69,23313.199,5.7,370.946,9.74,22.9,37.1,,6.892,76.05,0.828,9045865.199
Russia,Europe,4311893,29546.777,5366009,4.98,1.31,87.04,145934460,8.823,39.6,14.178,9.393,24765.954,0.1,431.297,6.18,23.4,58.3,,8.05,72.58,0.824,8886096.375
Rwanda,Africa,19945,1539.892,230000,1.78,,90.74,12952209,494.869,20.3,2.974,1.642,1854.211,56,191.375,4.28,4.7,21,4.617,,69.02,0.543,13228887.83
"Saint Helena",Africa,,,,1.76,,,6071,,,,,,,,,,,,,80.56,,11237498.81
"Saint Kitts and Nevis","North America",42,789.592,,,,,53192,212.865,,,,24654.385,,,12.84,,,,2.3,76.23,0.779,3893996.59
"Saint Lucia","North America",3966,21597.896,2094,1.14,,,183629,293.187,34.9,9.721,6.405,12951.839,,204.62,11.62,,,87.202,1.3,76.2,0.759,4294450.081
"Saint Vincent and the Grenadines","North America",1674,15088.285,,,,,110947,281.787,31.8,7.724,4.832,10727.146,,252.675,11.62,,,,2.6,72.53,0.738,4341567.171
Samoa,Oceania,3,15.12,,,,,198410,69.413,22,5.606,3.564,6021.557,,348.977,9.21,16.7,38.1,,,73.32,0.715,9759484.062
"San Marino",Europe,4062,119688.844,3668,10.81,,92.59,33938,556.667,,,,56861.47,,,5.64,,,,3.8,84.97,,8467522.955
"Sao Tome and Principe",Africa,2035,9285.411,,,,,219161,212.841,18.7,2.886,2.162,3052.714,32.3,270.113,2.42,,,41.34,2.9,70.39,0.625,11085057.42
"Saudi Arabia",Asia,381348,10953.911,,5.28,,94.44,34813867,15.322,31.9,3.295,1.845,49045.411,,259.538,17.72,1.8,25.4,,2.7,75.13,0.854,12089243.38
Senegal,Africa,36371,2172.19,68205,0.41,,77.78,16743930,82.328,18.7,3.008,1.796,2470.58,38,241.219,2.42,0.4,16.6,20.859,,67.94,0.512,8276950.426
Serbia,Europe,503291,73963.392,1161194,26.85,9.79,100,6804596,80.291,41.2,17.366,,14048.881,,439.415,10.08,37.7,40.2,97.719,5.609,76,0.806,8976467.097
Seychelles,Africa,3132,31848.688,60439,88.81,27.35,93.52,98340,208.354,36.2,8.606,5.586,26382.287,1.1,242.648,10.55,7.1,35.7,,3.6,73.4,0.796,15371402.66
"Sierra Leone",Africa,3932,492.918,,,,88.89,7976985,104.7,19.1,2.538,1.285,1390.3,52.2,325.721,2.42,8.8,41.3,19.275,,54.7,0.452,8905472.134
Singapore,Asia,60070,10267.774,392620,10.45,3.74,76.85,5850343,7915.731,42.4,12.922,7.049,85535.383,,92.243,10.99,5.2,28.3,,2.4,83.62,0.938,15289904.25
Slovakia,Europe,331571,60731.26,388584,10.93,3.82,87.04,5459643,113.128,41.2,15.07,9.167,30155.152,0.7,287.959,7.29,23.1,37.7,,5.82,77.54,0.86,8549993.874
Slovenia,Europe,198234,95353.768,154916,10.76,3.31,89.81,2078932,102.619,44.5,19.062,12.93,31400.84,,153.493,7.25,20.1,25,,4.5,81.32,0.917,8466651.573
"Solomon Islands",Oceania,18,26.206,,,,43.52,686878,21.841,20.8,3.507,2.043,2205.923,25.1,459.78,18.68,,,35.89,1.4,73,0.567,11902339.56
Somalia,Africa,8820,554.954,,,,60.19,15893219,23.5,16.8,2.731,1.496,,,365.769,6.05,,,9.831,0.9,57.4,,13880455.39
"South Africa",Africa,1525648,25723.853,138014,0.23,0.23,87.96,59308690,46.754,27.3,5.344,3.053,12294.876,18.9,200.38,5.52,8.1,33.2,43.993,2.32,64.13,0.709,14398743.72
"South America",,18968131,44034.128,,,,,430759772,,,,,,,,,,,,,,,NULL
"South Korea",Asia,94686,1846.84,546277,1.07,,82.41,51269183,527.967,43.4,13.914,8.622,35938.374,0.2,85.998,6.8,6.2,40.9,,12.27,83.03,0.916,10742654.67
"South Sudan",Africa,9205,822.335,,,,86.11,11193729,,19.2,3.441,2.032,1569.888,,280.775,10.43,,,,,57.85,0.433,12653000
Spain,Europe,3204531,68539.105,3668848,11.06,3.22,85.19,46754783,93.105,45.5,19.436,13.799,34272.36,1,99.403,7.17,27.4,31.4,,2.97,83.56,0.904,7588925.1
"Sri Lanka",Asia,86989,4062.391,,3.51,,100,21413250,341.955,34.1,10.069,5.331,11669.077,0.7,197.093,10.68,0.3,27,,3.6,76.98,0.782,15002015.43
Sudan,Africa,30686,699.806,,,,91.67,43849269,23.258,19.7,3.548,2.034,4466.507,,431.388,15.67,,,23.437,0.8,65.31,0.51,12096796.29
Suriname,"South America",8997,15336.649,,,,100,586634,3.612,29.6,6.933,4.229,13767.119,,258.314,12.54,7.4,42.9,67.779,3.1,71.68,0.738,5468782.441
Sweden,Europe,707192,70024.071,722519,10.4,3.24,69.44,10099270,24.718,41,19.985,13.433,46949.283,0.5,133.982,4.79,18.8,18.9,,2.22,82.8,0.945,7667467.302
Switzerland,Europe,569312,65781.297,616913,10.96,3.83,73.15,8654618,214.243,43.1,18.436,12.644,57410.166,,99.739,5.59,22.6,28.9,,4.53,83.78,0.955,8011214.857
Syria,Asia,16257,928.937,,,,87.04,17500657,,21.7,,2.577,,,376.264,,,,70.598,1.5,72.7,0.567,10752135.66
Taiwan,Asia,978,41.063,,,,31.48,23816775,,42.2,,8.353,,,103.957,,,,,,80.46,,12241170.47
Tajikistan,Asia,13308,1395.313,,,,65.74,9537642,64.281,23.3,3.466,2.155,2896.913,4.8,427.698,7.11,,,72.704,4.8,71.1,0.668,11465187.29
Tanzania,Africa,509,8.521,,,,50,59734213,64.699,17.7,3.108,1.874,2683.304,49.1,217.288,5.75,3.3,26.7,47.953,0.7,65.46,0.529,13971605.59
Thailand,Asia,26598,381.06,,0.05,,76.85,69799978,135.132,40.1,11.373,6.89,16277.671,0.1,109.861,7.04,1.9,38.8,90.67,2.1,77.15,0.777,13871481.45
Timor,Asia,159,120.597,,,,77.78,1318442,87.176,18,3.556,1.897,6570.102,30.3,335.346,6.86,6.3,78.1,28.178,5.9,69.5,0.606,14805101.59
Togo,Africa,7857,949.058,,,,73.15,8278737,143.366,19.4,2.839,1.525,1429.813,49.2,280.033,6.15,0.9,14.2,10.475,0.7,61.04,0.515,10003801.74
"Trinidad and Tobago","North America",7753,5539.871,440,0.03,,90.74,1399491,266.886,36.2,10.014,5.819,28763.071,,228.467,10.97,,,89.443,3,73.51,0.796,4527480.217
Tunisia,Africa,239977,20304.997,,,,90.74,11818618,74.228,32.7,8.001,5.075,10849.297,2,318.991,8.52,1.1,65.8,78.687,2.3,76.7,0.74,8970463.244
Turkey,Asia,2835989,33626.042,7807838,12.45,3.2,80.09,84339067,104.914,31.6,8.153,5.061,25129.341,0.2,171.285,12.13,14.1,41.1,,2.81,77.69,0.82,10181664.51
"Turks and Caicos Islands","North America",,,6433,16.62,,,38718,37.312,,,,,,,,,,,,80.22,,2866459.697
Uganda,Africa,40535,886.185,,,,93.52,45741000,213.759,16.4,2.168,1.308,1697.707,41.6,213.333,2.5,3.4,16.7,21.222,0.5,63.37,0.544,13172154.97
Ukraine,Europe,1474452,33714.276,38237,0.09,,88.89,43733759,77.39,41.4,16.462,11.133,7894.393,0.1,539.849,7.11,13.5,47.4,,8.8,72.06,0.779,9158483.69
"United Arab Emirates",Asia,419996,42465.017,3480415,64.78,22.12,89.81,9890400,112.442,34,1.144,0.526,67293.483,,317.84,17.26,1.2,37.4,,1.2,77.97,0.89,12569102
"United Kingdom",Europe,4254714,62674.392,23053716,35.95,1.99,87.96,67886004,272.898,40.8,18.517,12.527,39753.244,0.2,122.137,4.28,20,24.7,,2.54,81.32,0.932,6830409.647
"United States","North America",29286134,88477.039,64071674,29.36,10.13,75.46,331002647,35.608,38.3,15.413,9.732,54225.446,1.2,151.089,10.79,19.1,24.6,,2.77,78.86,0.926,0
Uruguay,"South America",67717,19494.048,170134,4.9,,72.22,3473727,19.751,35.6,14.655,10.361,20551.409,0.1,160.708,6.93,14,19.9,,2.8,77.91,0.817,8780558.986
Uzbekistan,Asia,80392,2401.97,,,,96.3,33469199,76.134,28.2,4.469,2.873,6253.104,,724.417,7.57,1.3,24.7,,4,71.72,0.72,11062822.32
Vanuatu,Oceania,3,9.767,,,,30.56,307150,22.662,23.1,4.394,2.62,2921.909,13.2,546.3,12.02,2.8,34.5,25.209,,70.47,0.609,11670203.39
Vatican,Europe,27,33374.536,,,,,809,,,,,,,,,,,,,75.12,,8609570.089
Venezuela,"South America",144277,5073.755,12194,0.04,,90.74,28435943,36.253,29,6.614,3.915,16745.022,,204.85,6.47,,,,0.8,72.06,0.711,4507978.135
Vietnam,Asia,2533,26.023,,,,96.3,97338583,308.127,32.6,7.15,4.718,6171.884,2,245.465,6,1,45.9,85.847,2.6,75.4,0.704,13797931.32
World,,118571474,15211.615,202508023,4.3,0.96,,7794798729,58.045,30.9,8.696,5.355,15469.207,10,233.07,8.51,6.434,34.635,60.13,2.705,72.58,0.737,NULL
Yemen,Asia,2667,89.419,,,,58.33,29825968,53.508,20.3,2.922,1.583,1479.147,18.8,495.003,5.35,7.6,29.2,49.542,0.7,66.12,0.47,13065898.74
Zambia,Africa,83913,4564.469,,,,70.83,18383956,22.995,17.7,2.48,1.542,3689.251,57.5,234.499,3.94,3.1,24.7,13.938,2,63.89,0.584,13844450.23
Zimbabwe,Africa,36377,2447.499,36019,0.24,,87.96,14862927,42.729,19.6,2.822,1.882,1899.775,21.4,307.846,1.82,1.6,30.7,36.791,1.7,61.49,0.571,14330315.14
